{"stats":{"minecraft:killed_by":{"minecraft:skeleton":2,"minecraft:zombie_villager":1},"minecraft:custom":{"minecraft:jump":21,"minecraft:time_since_rest":583,"minecraft:damage_dealt":230,"minecraft:leave_game":1,"minecraft:deaths":3,"minecraft:sprint_one_cm":1717,"minecraft:play_time":2329,"minecraft:damage_taken":780,"minecraft:time_since_death":0,"minecraft:walk_one_cm":5913,"minecraft:total_world_time":2329,"minecraft:fall_one_cm":1088,"minecraft:fly_one_cm":2643},"minecraft:mined":{"minecraft:oak_leaves":1}},"DataVersion":3105}