{"stats":{"minecraft:crafted":{"minecraft:wooden_shovel":2,"minecraft:crafting_table":1,"minecraft:stick":6,"minecraft:birch_boat":1,"minecraft:white_bed":1,"minecraft:stone":64,"minecraft:birch_planks":28,"minecraft:birch_stairs":8,"minecraft:air":0,"minecraft:cooked_mutton":13,"minecraft:flint_and_steel":1},"minecraft:picked_up":{"minecraft:birch_log":7,"minecraft:string":2,"minecraft:dark_oak_planks":1,"minecraft:nether_bricks":1,"minecraft:sugar_cane":14,"minecraft:netherrack":112,"minecraft:obsidian":2},"minecraft:used":{"minecraft:cooked_mutton":1,"minecraft:diamond_pickaxe":118,"minecraft:flint_and_steel":2,"minecraft:iron_axe":1,"minecraft:birch_boat":1,"minecraft:netherrack":77,"minecraft:diamond_sword":14,"minecraft:mutton":7,"minecraft:beef":2,"minecraft:crafting_table":1,"minecraft:cooked_porkchop":1,"minecraft:white_bed":1,"minecraft:obsidian":2,"minecraft:birch_stairs":8},"minecraft:killed":{"minecraft:spider":1},"minecraft:custom":{"minecraft:time_since_rest":3118,"minecraft:interact_with_furnace":11,"minecraft:sprint_one_cm":149061,"minecraft:damage_taken":128,"minecraft:walk_one_cm":156659,"minecraft:interact_with_anvil":1,"minecraft:mob_kills":2,"minecraft:damage_dealt":272,"minecraft:swim_one_cm":14908,"minecraft:interact_with_crafting_table":8,"minecraft:fly_one_cm":21320,"minecraft:open_barrel":2,"minecraft:open_chest":68,"minecraft:crouch_one_cm":15,"minecraft:play_time":44957,"minecraft:sneak_time":3,"minecraft:walk_under_water_one_cm":304,"minecraft:boat_one_cm":97407,"minecraft:jump":206,"minecraft:interact_with_stonecutter":1,"minecraft:leave_game":3,"minecraft:walk_on_water_one_cm":3561,"minecraft:time_since_death":44957,"minecraft:climb_one_cm":285,"minecraft:sleep_in_bed":3,"minecraft:interact_with_smoker":1,"minecraft:total_world_time":48138,"minecraft:fall_one_cm":3100},"minecraft:mined":{"minecraft:dark_oak_planks":1,"minecraft:birch_log":7,"minecraft:obsidian":2,"minecraft:nether_bricks":1,"minecraft:grass":5,"minecraft:dark_oak_sapling":1,"minecraft:sugar_cane":15,"minecraft:netherrack":115,"minecraft:oak_leaves":1}},"DataVersion":3105}