{"stats":{"minecraft:crafted":{"minecraft:wooden_shovel":2,"minecraft:crafting_table":1,"minecraft:stick":6,"minecraft:birch_boat":1,"minecraft:birch_planks":28,"minecraft:birch_stairs":8,"minecraft:flint_and_steel":1},"minecraft:picked_up":{"minecraft:birch_log":7,"minecraft:string":2,"minecraft:dark_oak_planks":1,"minecraft:nether_bricks":1,"minecraft:sugar_cane":14,"minecraft:netherrack":112,"minecraft:obsidian":2},"minecraft:used":{"minecraft:diamond_pickaxe":118,"minecraft:flint_and_steel":2,"minecraft:iron_axe":1,"minecraft:birch_boat":1,"minecraft:netherrack":77,"minecraft:diamond_sword":14,"minecraft:beef":2,"minecraft:crafting_table":1,"minecraft:cooked_porkchop":1,"minecraft:obsidian":2,"minecraft:birch_stairs":8},"minecraft:killed":{"minecraft:spider":1},"minecraft:custom":{"minecraft:time_since_rest":4888,"minecraft:sprint_one_cm":98115,"minecraft:damage_taken":118,"minecraft:walk_one_cm":94431,"minecraft:mob_kills":2,"minecraft:damage_dealt":272,"minecraft:swim_one_cm":14908,"minecraft:interact_with_crafting_table":5,"minecraft:fly_one_cm":13529,"minecraft:open_barrel":2,"minecraft:open_chest":20,"minecraft:crouch_one_cm":15,"minecraft:play_time":26213,"minecraft:sneak_time":3,"minecraft:walk_under_water_one_cm":304,"minecraft:boat_one_cm":97407,"minecraft:jump":134,"minecraft:leave_game":2,"minecraft:walk_on_water_one_cm":3561,"minecraft:time_since_death":26213,"minecraft:climb_one_cm":145,"minecraft:sleep_in_bed":1,"minecraft:interact_with_smoker":1,"minecraft:total_world_time":29394,"minecraft:fall_one_cm":1579},"minecraft:mined":{"minecraft:dark_oak_planks":1,"minecraft:birch_log":7,"minecraft:obsidian":2,"minecraft:nether_bricks":1,"minecraft:grass":4,"minecraft:sugar_cane":15,"minecraft:netherrack":115}},"DataVersion":3105}